id;created_at;last_keep_alive_at
671ec123-3b61-4b43-a95b-55d44bf015ce;2025-09-11T12:35:16;2025-09-11T04:49:45
91de905f-1d4c-40b5-a084-ae2c91a4e142;2025-09-11T03:50:08;2025-09-11T18:33:47
cab6c9c8-0f51-47c5-bf12-dae728fbf267;2025-09-11T12:38:42;2025-09-11T04:00:54
e580c191-c37a-47e7-85f6-d182800b75bb;2025-09-11T08:50:25;2025-09-11T10:50:24
6c515930-936f-44fe-a757-2a1a90e7d96a;2025-09-11T02:54:44;2025-09-11T08:58:15
396ff38b-1959-40bd-b27c-6c9f7cddddab;2025-09-11T13:04:06;2025-09-11T11:43:48
dca97d05-e41b-48fc-83f9-cd7371f19434;2025-09-11T22:26:47;2025-09-11T08:10:49
8cc25b91-b665-4644-860f-cf70b97e6bdb;2025-09-11T02:55:36;2025-09-11T03:47:15
902414c6-8d54-4e06-9a1f-45faab7bfcd4;2025-09-11T10:33:14;2025-09-11T02:36:44
35acbefb-faaa-404f-9607-6b624827be05;2025-09-11T02:27:44;2025-09-11T04:02:29
