id;status_code;created_at;updated_at
016c0382-c050-46a3-b59a-9ff1df4f6fe7;though jealous;2025-09-15T02:55:18;2025-09-15T22:18:43
b1f89ee4-7be1-477f-ab53-7e5ded25afff;role;2025-09-15T08:58:33;2025-09-15T10:20:49
e9b7162c-3bd7-4c8c-a19a-5b912df61ce3;aboard pressure what;2025-09-15T05:55:18;2025-09-15T20:13:06
0e44b995-2eaf-486d-b84c-cd0db7501ba6;that;2025-09-15T03:22:52;2025-09-15T17:51:55
ece8c090-1605-49b9-bb99-be06751989b5;soup shyly mosh;2025-09-15T10:08:19;2025-09-15T14:05:05
0efa7a71-6d64-4b2c-a40f-9366dd3154ad;pro within;2025-09-15T05:08:36;2025-09-15T13:35:46
199527d0-e142-4d78-a19a-872e3abbf651;anenst whistle;2025-09-15T13:08:30;2025-09-15T19:37:32
34aab2c6-ebf5-4ad6-b03e-b383986ac030;in greedy essay;2025-09-15T14:52:48;2025-09-15T12:03:55
f56ef60e-a1a7-49bd-82bb-b9d5b66eb50f;amid within;2025-09-15T05:31:18;2025-09-15T11:14:49
cddc5990-7d0f-437a-91fe-eaa50f06ba84;than true;2025-09-16T01:08:52;2025-09-15T13:31:28
